instance,epsilon_range,n_machines,n_jobs,epsilon,branching_rule,node_selection,profiling_mode,rounding_rule,lower_bound,best_solution,nodes_to_best_solution,nodes_explored,runtime,opt_gap,terminate,best_bound,depth,number_of_nodes_for_optimality,optimal_solution
Uniform1-5000_Seed1_J25_M10,"[0.025332, 0.832460]",10,25,0.2,max_proc,lowest_lower_bound,NO_PROFILING,all_to_shortest,greedy,6604,3,3,0.0,0.1332525741974561,True,5724.0,1,-1,5724.0
Uniform1-5000_Seed1_J25_M10,"[0.025332, 0.832460]",10,25,0.1,max_proc,lowest_lower_bound,PRUNE,all_to_shortest,greedy,6919,8,8,0.004210710525512695,0.1727128197716433,True,5724.0,6,-1,5724.0
Uniform1-5000_Seed7_J25_M10,"[0.060725, 0.691370]",10,25,0.2,max_proc,lowest_lower_bound,NO_PROFILING,all_to_shortest,greedy,7427,5,5,0.0,0.1308334455365558,True,6455.3,3,-1,6455.3
Uniform1-5000_Seed7_J25_M10,"[0.060725, 0.691370]",10,25,0.1,max_proc,lowest_lower_bound,PRUNE,all_to_shortest,greedy,7559,7,7,0.0,0.1460113771662918,True,6455.3,5,-1,6455.3
Uniform1-5000_Seed13_J25_M10,"[0.002429, 1.000000]",10,25,0.2,max_proc,lowest_lower_bound,NO_PROFILING,all_to_shortest,greedy,5728,9,9,0.0,0.14043296089385468,True,4940.0,7,-1,4923.6
Uniform1-5000_Seed13_J25_M10,"[0.002429, 1.000000]",10,25,0.1,max_proc,lowest_lower_bound,PRUNE,all_to_shortest,greedy,5852,10,10,0.0,0.1586466165413533,True,4940.0,8,-1,4923.6
Uniform1-5000_Seed1_J50_M10,"[0.011927, 0.409647]",10,50,0.2,max_proc,lowest_lower_bound,NO_PROFILING,all_to_shortest,greedy,13607,2,2,0.0011038780212402344,0.10657749687660768,True,12156.8,0,-1,12156.8
Uniform1-5000_Seed1_J50_M10,"[0.011927, 0.409647]",10,50,0.1,max_proc,lowest_lower_bound,PRUNE,all_to_shortest,greedy,14379,-1,2,0.0009989738464355469,0.1545448223103137,True,12156.8,0,-1,12156.8
Uniform1-5000_Seed7_J50_M10,"[0.007646, 0.399572]",10,50,0.2,max_proc,lowest_lower_bound,NO_PROFILING,all_to_shortest,greedy,14174,2,2,0.0010981559753417969,0.14187949767179342,True,12163.0,0,-1,12163.0
Uniform1-5000_Seed7_J50_M10,"[0.007646, 0.399572]",10,50,0.1,max_proc,lowest_lower_bound,PRUNE,all_to_shortest,greedy,14586,3,3,0.0031228065490722656,0.16611819552996024,True,12163.0,1,-1,12163.0
Uniform1-5000_Seed13_J50_M10,"[0.001129, 0.464792]",10,50,0.2,max_proc,lowest_lower_bound,NO_PROFILING,all_to_shortest,greedy,12149,4,4,0.0044023990631103516,0.12516256482014984,True,10628.4,2,-1,10628.4
Uniform1-5000_Seed13_J50_M10,"[0.001129, 0.464792]",10,50,0.1,max_proc,lowest_lower_bound,PRUNE,all_to_shortest,greedy,12119,3,3,0.002798318862915039,0.1229969469428171,True,10628.4,1,-1,10628.4
Uniform1-5000_Seed1_J50_M25,"[0.029116, 1.000000]",25,50,0.2,max_proc,lowest_lower_bound,NO_PROFILING,all_to_shortest,greedy,6168,802,1001,3.876154661178589,0.21162127107652395,False,4980.0,25,-1,4862.72
Uniform1-5000_Seed1_J50_M25,"[0.029116, 1.000000]",25,50,0.1,max_proc,lowest_lower_bound,PRUNE,all_to_shortest,greedy,6209,20,27,0.08842253684997559,0.21682718634240614,True,5299.0,25,-1,4862.72
Uniform1-5000_Seed7_J50_M25,"[0.019115, 0.998931]",25,50,0.2,max_proc,lowest_lower_bound,NO_PROFILING,all_to_shortest,greedy,6009,799,1001,3.7304110527038574,0.1903478116159095,False,4865.2,25,-1,4865.2
Uniform1-5000_Seed7_J50_M25,"[0.019115, 0.998931]",25,50,0.1,max_proc,lowest_lower_bound,PRUNE,all_to_shortest,greedy,6196,23,27,0.09206748008728027,0.2147837314396385,True,5135.0,25,-1,4865.2
Uniform1-5000_Seed13_J50_M25,"[0.002429, 1.000000]",25,50,0.2,max_proc,lowest_lower_bound,NO_PROFILING,all_to_shortest,greedy,5761,14,14,0.04702877998352051,0.2620447838916855,True,4940.0,12,-1,4251.36
Uniform1-5000_Seed13_J50_M25,"[0.002429, 1.000000]",25,50,0.1,max_proc,lowest_lower_bound,PRUNE,all_to_shortest,greedy,5591,14,14,0.04694724082946777,0.23960651046324455,True,4940.0,12,-1,4251.36
Uniform1-5000_Seed1_J100_M10,"[0.000670, 0.208453]",10,100,0.2,max_proc,lowest_lower_bound,NO_PROFILING,all_to_shortest,greedy,24888,2,2,0.0,0.040087592414014814,True,23890.3,0,-1,23890.3
Uniform1-5000_Seed1_J100_M10,"[0.000670, 0.208453]",10,100,0.1,max_proc,lowest_lower_bound,PRUNE,all_to_shortest,greedy,24932,-1,2,0.0,0.04178164607733037,True,23890.3,0,-1,23890.3
Uniform1-5000_Seed7_J100_M10,"[0.001317, 0.190796]",10,100,0.2,max_proc,lowest_lower_bound,NO_PROFILING,all_to_shortest,greedy,27592,2,2,0.0,0.06466729486807768,True,25807.7,0,-1,25807.7
Uniform1-5000_Seed7_J100_M10,"[0.001317, 0.190796]",10,100,0.1,max_proc,lowest_lower_bound,PRUNE,all_to_shortest,greedy,27610,-1,2,0.01569223403930664,0.06527707352408545,True,25807.7,0,-1,25807.7
Uniform1-5000_Seed13_J100_M10,"[0.000532, 0.218990]",10,100,0.2,max_proc,lowest_lower_bound,NO_PROFILING,all_to_shortest,greedy,23166,2,2,0.0,0.026241042907709636,True,22558.1,0,-1,22558.1
Uniform1-5000_Seed13_J100_M10,"[0.000532, 0.218990]",10,100,0.1,max_proc,lowest_lower_bound,PRUNE,all_to_shortest,greedy,23370,2,2,0.0,0.034741121095421545,True,22558.1,0,-1,22558.1
Uniform1-5000_Seed1_J100_M25,"[0.001674, 0.521132]",25,100,0.2,max_proc,lowest_lower_bound,NO_PROFILING,all_to_shortest,greedy,11408,9,9,0.04765200614929199,0.16233169705469838,True,9556.12,7,-1,9556.12
Uniform1-5000_Seed1_J100_M25,"[0.001674, 0.521132]",25,100,0.1,max_proc,lowest_lower_bound,PRUNE,all_to_shortest,greedy,11132,17,17,0.1108698844909668,0.1415630614444843,True,9556.12,15,-1,9556.12
Uniform1-5000_Seed7_J100_M25,"[0.003294, 0.476989]",25,100,0.2,max_proc,lowest_lower_bound,NO_PROFILING,all_to_shortest,greedy,12157,2,2,0.015688419342041016,0.15085300649831374,True,10323.08,0,-1,10323.08
Uniform1-5000_Seed7_J100_M25,"[0.003294, 0.476989]",25,100,0.1,max_proc,lowest_lower_bound,PRUNE,all_to_shortest,greedy,12382,-1,2,0.0,0.16628331448877404,True,10323.08,0,-1,10323.08
Uniform1-5000_Seed13_J100_M25,"[0.001330, 0.547475]",25,100,0.2,max_proc,lowest_lower_bound,NO_PROFILING,all_to_shortest,greedy,10797,9,9,0.04744577407836914,0.16428267111234604,True,9023.24,7,-1,9023.24
Uniform1-5000_Seed13_J100_M25,"[0.001330, 0.547475]",25,100,0.1,max_proc,lowest_lower_bound,PRUNE,all_to_shortest,greedy,10866,24,24,0.1708533763885498,0.16958954537088167,True,9023.24,22,-1,9023.24
Uniform1-5000_Seed1_J100_M50,"[0.003213, 1.000000]",50,100,0.2,max_proc,lowest_lower_bound,NO_PROFILING,all_to_shortest,greedy,5840,47,47,0.6848971843719482,0.18183904109589033,True,4980.0,45,-1,4778.06
Uniform1-5000_Seed1_J100_M50,"[0.003213, 1.000000]",50,100,0.1,max_proc,lowest_lower_bound,PRUNE,all_to_shortest,greedy,5808,48,48,0.7615375518798828,0.1773312672176308,True,4980.0,46,-1,4778.06
Uniform1-5000_Seed7_J100_M50,"[0.006587, 0.953979]",50,100,0.2,max_proc,lowest_lower_bound,NO_PROFILING,all_to_shortest,greedy,6611,51,1001,18.111671686172485,0.21924973528966873,False,5161.54,50,-1,5161.54
Uniform1-5000_Seed7_J100_M50,"[0.006587, 0.953979]",50,100,0.1,max_proc,lowest_lower_bound,PRUNE,all_to_shortest,greedy,6611,52,52,0.8697290420532227,0.21924973528966873,True,5553.0,50,-1,5161.54
Uniform1-5000_Seed13_J100_M50,"[0.002429, 1.000000]",50,100,0.2,max_proc,lowest_lower_bound,NO_PROFILING,all_to_shortest,greedy,5681,46,46,0.6698822975158691,0.20584052103502906,True,4940.0,44,-1,4511.62
Uniform1-5000_Seed13_J100_M50,"[0.002429, 1.000000]",50,100,0.1,max_proc,lowest_lower_bound,PRUNE,all_to_shortest,greedy,5891,49,49,0.7842416763305664,0.23415039891359704,True,4940.0,47,-1,4511.62
Uniform1-5000_Seed1_J100_M75,"[0.003213, 1.000000]",75,100,0.2,max_proc,lowest_lower_bound,NO_PROFILING,all_to_shortest,greedy,5780,3,3,0.07738518714904785,0.44889734717416374,True,4980.0,1,-1,3185.3733333333334
Uniform1-5000_Seed1_J100_M75,"[0.003213, 1.000000]",75,100,0.1,max_proc,lowest_lower_bound,PRUNE,all_to_shortest,greedy,5780,3,3,0.0948648452758789,0.44889734717416374,True,4980.0,1,-1,3185.3733333333334
Uniform1-5000_Seed7_J100_M75,"[0.006905, 1.000000]",75,100,0.2,max_proc,lowest_lower_bound,NO_PROFILING,all_to_shortest,greedy,5548,2,2,0.04745912551879883,0.3797716894977169,True,4924.0,0,-1,3441.0266666666666
Uniform1-5000_Seed7_J100_M75,"[0.006905, 1.000000]",75,100,0.1,max_proc,lowest_lower_bound,PRUNE,all_to_shortest,greedy,5548,2,2,0.047652482986450195,0.3797716894977169,True,4924.0,0,-1,3441.0266666666666
Uniform1-5000_Seed13_J100_M75,"[0.002429, 1.000000]",75,100,0.2,max_proc,lowest_lower_bound,NO_PROFILING,all_to_shortest,greedy,5058,-1,2,0.05051088333129883,0.40534862264399635,True,4940.0,0,-1,3007.7466666666664
Uniform1-5000_Seed13_J100_M75,"[0.002429, 1.000000]",75,100,0.1,max_proc,lowest_lower_bound,PRUNE,all_to_shortest,greedy,5058,-1,2,0.04544663429260254,0.40534862264399635,True,4940.0,0,-1,3007.7466666666664
Uniform1-5000_Seed1_J200_M10,"[0.000338, 0.105430]",10,200,0.2,max_proc,lowest_lower_bound,NO_PROFILING,all_to_shortest,greedy,49198,-1,2,0.015798330307006836,0.036424244888003575,True,47406.0,0,-1,47406.0
Uniform1-5000_Seed1_J200_M10,"[0.000338, 0.105430]",10,200,0.1,max_proc,lowest_lower_bound,PRUNE,all_to_shortest,greedy,49198,-1,2,0.0,0.036424244888003575,True,47406.0,0,-1,47406.0
Uniform1-5000_Seed7_J200_M10,"[0.000239, 0.098794]",10,200,0.2,max_proc,lowest_lower_bound,NO_PROFILING,all_to_shortest,greedy,51901,2,2,0.0,0.03071809791718855,True,50306.7,0,-1,50306.7
Uniform1-5000_Seed7_J200_M10,"[0.000239, 0.098794]",10,200,0.1,max_proc,lowest_lower_bound,PRUNE,all_to_shortest,greedy,52417,2,2,0.0,0.04025983936509153,True,50306.7,0,-1,50306.7
Uniform1-5000_Seed13_J200_M10,"[0.000253, 0.104876]",10,200,0.2,max_proc,lowest_lower_bound,NO_PROFILING,all_to_shortest,greedy,49396,2,2,0.0,0.038501093205927664,True,47494.2,0,-1,47494.2
Uniform1-5000_Seed13_J200_M10,"[0.000253, 0.104876]",10,200,0.1,max_proc,lowest_lower_bound,PRUNE,all_to_shortest,greedy,49588,-1,2,0.009493350982666016,0.04222392514317986,True,47494.2,0,-1,47494.2
Uniform1-5000_Seed1_J200_M25,"[0.000844, 0.263574]",25,200,0.2,max_proc,lowest_lower_bound,NO_PROFILING,all_to_shortest,greedy,20486,2,2,0.015638351440429688,0.07437274236063646,True,18962.4,0,-1,18962.4
Uniform1-5000_Seed1_J200_M25,"[0.000844, 0.263574]",25,200,0.1,max_proc,lowest_lower_bound,PRUNE,all_to_shortest,greedy,20721,-1,2,0.0,0.08487042131171268,True,18962.4,0,-1,18962.4
Uniform1-5000_Seed7_J200_M25,"[0.000596, 0.246985]",25,200,0.2,max_proc,lowest_lower_bound,NO_PROFILING,all_to_shortest,greedy,22375,2,2,0.01606154441833496,0.10066234636871507,True,20122.68,0,-1,20122.68
Uniform1-5000_Seed7_J200_M25,"[0.000596, 0.246985]",25,200,0.1,max_proc,lowest_lower_bound,PRUNE,all_to_shortest,greedy,22375,2,2,0.0,0.10066234636871507,True,20122.68,0,-1,20122.68
Uniform1-5000_Seed13_J200_M25,"[0.000632, 0.262190]",25,200,0.2,max_proc,lowest_lower_bound,NO_PROFILING,all_to_shortest,greedy,20985,2,2,0.016077280044555664,0.09470192994996425,True,18997.68,0,-1,18997.68
Uniform1-5000_Seed13_J200_M25,"[0.000632, 0.262190]",25,200,0.1,max_proc,lowest_lower_bound,PRUNE,all_to_shortest,greedy,21742,2,2,0.0,0.12622205868825315,True,18997.68,0,-1,18997.68
Uniform1-5000_Seed1_J200_M50,"[0.001688, 0.527148]",50,200,0.2,max_proc,lowest_lower_bound,NO_PROFILING,all_to_shortest,greedy,11332,11,11,0.27152204513549805,0.16332509707024348,True,9481.2,9,-1,9481.2
Uniform1-5000_Seed1_J200_M50,"[0.001688, 0.527148]",50,200,0.1,max_proc,lowest_lower_bound,PRUNE,all_to_shortest,greedy,11379,33,33,1.016592025756836,0.16678091220669647,True,9481.2,31,-1,9481.2
Uniform1-5000_Seed7_J200_M50,"[0.001193, 0.493970]",50,200,0.2,max_proc,lowest_lower_bound,NO_PROFILING,all_to_shortest,greedy,12027,59,59,1.8560295104980469,0.1634372661511599,True,10061.34,57,-1,10061.34
Uniform1-5000_Seed7_J200_M50,"[0.001193, 0.493970]",50,200,0.1,max_proc,lowest_lower_bound,PRUNE,all_to_shortest,greedy,12038,13,13,0.3500652313232422,0.16420169463366008,True,10061.34,11,-1,10061.34
Uniform1-5000_Seed13_J200_M50,"[0.001263, 0.524380]",50,200,0.2,max_proc,lowest_lower_bound,NO_PROFILING,all_to_shortest,greedy,11295,18,18,0.47490978240966797,0.15902257636122177,True,9498.84,16,-1,9498.84
Uniform1-5000_Seed13_J200_M50,"[0.001263, 0.524380]",50,200,0.1,max_proc,lowest_lower_bound,PRUNE,all_to_shortest,greedy,11459,23,23,0.6734683513641357,0.17105855659307093,True,9498.84,21,-1,9498.84
Uniform1-5000_Seed1_J200_M75,"[0.002531, 0.790723]",75,200,0.2,max_proc,lowest_lower_bound,NO_PROFILING,all_to_shortest,greedy,7560,86,86,6.159992933273315,0.1639153439153439,True,6320.8,84,-1,6320.8
Uniform1-5000_Seed1_J200_M75,"[0.002531, 0.790723]",75,200,0.1,max_proc,lowest_lower_bound,PRUNE,all_to_shortest,greedy,7615,88,88,6.1685075759887695,0.16995403808273143,True,6320.8,86,-1,6320.8
Uniform1-5000_Seed7_J200_M75,"[0.001789, 0.740955]",75,200,0.2,max_proc,lowest_lower_bound,NO_PROFILING,all_to_shortest,greedy,7837,100,100,7.592001676559448,0.1441163710603547,True,6707.56,98,-1,6707.56
Uniform1-5000_Seed7_J200_M75,"[0.001789, 0.740955]",75,200,0.1,max_proc,lowest_lower_bound,PRUNE,all_to_shortest,greedy,8100,148,148,10.918725728988647,0.17190617283950613,True,6707.56,91,-1,6707.56
Uniform1-5000_Seed13_J200_M75,"[0.001895, 0.786570]",75,200,0.2,max_proc,lowest_lower_bound,NO_PROFILING,all_to_shortest,greedy,7476,88,88,6.0570104122161865,0.15294810058854996,True,6332.56,86,-1,6332.56
Uniform1-5000_Seed13_J200_M75,"[0.001895, 0.786570]",75,200,0.1,max_proc,lowest_lower_bound,PRUNE,all_to_shortest,greedy,7583,130,130,9.65742015838623,0.16490043518396408,True,6332.56,90,-1,6332.56
Uniform1-5000_Seed1_J200_M100,"[0.003201, 1.000000]",100,200,0.2,max_proc,lowest_lower_bound,NO_PROFILING,all_to_shortest,greedy,5967,96,96,8.860413551330566,0.2055304172951231,True,4998.0,94,-1,4740.6
Uniform1-5000_Seed1_J200_M100,"[0.003201, 1.000000]",100,200,0.1,max_proc,lowest_lower_bound,PRUNE,all_to_shortest,greedy,6021,96,96,9.057469129562378,0.2126557050323866,True,4998.0,94,-1,4740.6
Uniform1-5000_Seed7_J200_M100,"[0.002385, 0.987940]",100,200,0.2,max_proc,lowest_lower_bound,NO_PROFILING,all_to_shortest,greedy,6544,160,1001,109.48498225212097,0.23125458435207824,False,5030.67,100,-1,5030.67
Uniform1-5000_Seed7_J200_M100,"[0.002385, 0.987940]",100,200,0.1,max_proc,lowest_lower_bound,PRUNE,all_to_shortest,greedy,6467,103,103,10.040364265441895,0.22210143807020255,True,5345.0,100,-1,5030.67
Uniform1-5000_Seed13_J200_M100,"[0.002409, 1.000000]",100,200,0.2,max_proc,lowest_lower_bound,NO_PROFILING,all_to_shortest,greedy,5958,114,114,11.164940118789673,0.20284994964753272,True,4981.0,112,-1,4749.42
Uniform1-5000_Seed13_J200_M100,"[0.002409, 1.000000]",100,200,0.1,max_proc,lowest_lower_bound,PRUNE,all_to_shortest,greedy,6063,104,104,10.248982906341553,0.21665512122711528,True,5024.0,100,-1,4749.42
Uniform1-5000_Seed1_J200_M125,"[0.003201, 1.000000]",125,200,0.2,max_proc,lowest_lower_bound,NO_PROFILING,all_to_shortest,greedy,5786,29,29,4.659928321838379,0.34454199792602835,True,4998.0,27,-1,3792.48
Uniform1-5000_Seed1_J200_M125,"[0.003201, 1.000000]",125,200,0.1,max_proc,lowest_lower_bound,PRUNE,all_to_shortest,greedy,5786,29,29,4.7233664989471436,0.34454199792602835,True,4998.0,27,-1,3792.48
Uniform1-5000_Seed7_J200_M125,"[0.002414, 1.000000]",125,200,0.2,max_proc,lowest_lower_bound,NO_PROFILING,all_to_shortest,greedy,5924,47,47,7.330317497253418,0.32063875759621874,True,4970.0,45,-1,4024.536
Uniform1-5000_Seed7_J200_M125,"[0.002414, 1.000000]",125,200,0.1,max_proc,lowest_lower_bound,PRUNE,all_to_shortest,greedy,5924,47,47,7.447056531906128,0.32063875759621874,True,4970.0,45,-1,4024.536
Uniform1-5000_Seed13_J200_M125,"[0.002409, 1.000000]",125,200,0.2,max_proc,lowest_lower_bound,NO_PROFILING,all_to_shortest,greedy,5969,20,20,3.339693307876587,0.3634551851231362,True,4981.0,18,-1,3799.536
Uniform1-5000_Seed13_J200_M125,"[0.002409, 1.000000]",125,200,0.1,max_proc,lowest_lower_bound,PRUNE,all_to_shortest,greedy,6011,17,17,2.839264392852783,0.36790284478456164,True,4981.0,15,-1,3799.536
Uniform1-5000_Seed1_J200_M150,"[0.003201, 1.000000]",150,200,0.2,max_proc,lowest_lower_bound,NO_PROFILING,all_to_shortest,greedy,5987,2,2,0.3088817596435547,0.4721229330215467,True,4998.0,0,-1,3160.4
Uniform1-5000_Seed1_J200_M150,"[0.003201, 1.000000]",150,200,0.1,max_proc,lowest_lower_bound,PRUNE,all_to_shortest,greedy,5987,2,2,0.31693315505981445,0.4721229330215467,True,4998.0,0,-1,3160.4
Uniform1-5000_Seed7_J200_M150,"[0.002414, 1.000000]",150,200,0.2,max_proc,lowest_lower_bound,NO_PROFILING,all_to_shortest,greedy,5806,-1,2,0.28677821159362793,0.42235962797106436,True,4970.0,0,-1,3353.78
Uniform1-5000_Seed7_J200_M150,"[0.002414, 1.000000]",150,200,0.1,max_proc,lowest_lower_bound,PRUNE,all_to_shortest,greedy,5806,-1,2,0.28729820251464844,0.42235962797106436,True,4970.0,0,-1,3353.78
Uniform1-5000_Seed13_J200_M150,"[0.002409, 1.000000]",150,200,0.2,max_proc,lowest_lower_bound,NO_PROFILING,all_to_shortest,greedy,5552,2,2,0.2837183475494385,0.4297046109510086,True,4981.0,0,-1,3166.28
Uniform1-5000_Seed13_J200_M150,"[0.002409, 1.000000]",150,200,0.1,max_proc,lowest_lower_bound,PRUNE,all_to_shortest,greedy,5552,2,2,0.3058662414550781,0.4297046109510086,True,4981.0,0,-1,3166.28
Uniform1-5000_Seed1_J200_M175,"[0.003201, 1.000000]",175,200,0.2,max_proc,lowest_lower_bound,NO_PROFILING,all_to_shortest,greedy,5260,2,2,0.4131615161895752,0.4849972840847366,True,4998.0,0,-1,2708.9142857142856
Uniform1-5000_Seed1_J200_M175,"[0.003201, 1.000000]",175,200,0.1,max_proc,lowest_lower_bound,PRUNE,all_to_shortest,greedy,5260,2,2,0.42643260955810547,0.4849972840847366,True,4998.0,0,-1,2708.9142857142856
Uniform1-5000_Seed7_J200_M175,"[0.002414, 1.000000]",175,200,0.2,max_proc,lowest_lower_bound,NO_PROFILING,all_to_shortest,greedy,4993,2,2,0.38127923011779785,0.42426025006437584,True,4970.0,0,-1,2874.6685714285713
Uniform1-5000_Seed7_J200_M175,"[0.002414, 1.000000]",175,200,0.1,max_proc,lowest_lower_bound,PRUNE,all_to_shortest,greedy,4993,2,2,0.3973257541656494,0.42426025006437584,True,4970.0,0,-1,2874.6685714285713
Uniform1-5000_Seed13_J200_M175,"[0.002409, 1.000000]",175,200,0.2,max_proc,lowest_lower_bound,NO_PROFILING,all_to_shortest,greedy,4981,-1,2,0.047350406646728516,0.455138669802392,True,4981.0,0,-1,2713.9542857142856
Uniform1-5000_Seed13_J200_M175,"[0.002409, 1.000000]",175,200,0.1,max_proc,lowest_lower_bound,PRUNE,all_to_shortest,greedy,4981,-1,2,0.047635555267333984,0.455138669802392,True,4981.0,0,-1,2713.9542857142856
Uniform1-5000_Seed1_J500_M10,"[0.000130, 0.040741]",10,500,0.2,max_proc,lowest_lower_bound,NO_PROFILING,all_to_shortest,greedy,124041,2,2,0.008568763732910156,0.010981852774485832,True,122678.8,0,-1,122678.8
Uniform1-5000_Seed1_J500_M10,"[0.000130, 0.040741]",10,500,0.1,max_proc,lowest_lower_bound,PRUNE,all_to_shortest,greedy,124150,-1,2,0.0,0.011850181232380162,True,122678.8,0,-1,122678.8
Uniform1-5000_Seed7_J500_M10,"[0.000048, 0.040091]",10,500,0.2,max_proc,lowest_lower_bound,NO_PROFILING,all_to_shortest,greedy,126192,-1,2,0.015694856643676758,0.013080068467097802,True,124541.4,0,-1,124541.4
Uniform1-5000_Seed7_J500_M10,"[0.000048, 0.040091]",10,500,0.1,max_proc,lowest_lower_bound,PRUNE,all_to_shortest,greedy,126192,-1,2,0.01566600799560547,0.013080068467097802,True,124541.4,0,-1,124541.4
Uniform1-5000_Seed13_J500_M10,"[0.000093, 0.038623]",10,500,0.2,max_proc,lowest_lower_bound,NO_PROFILING,all_to_shortest,greedy,130018,-1,2,0.0,0.007312064483379202,True,129067.3,0,-1,129067.3
Uniform1-5000_Seed13_J500_M10,"[0.000093, 0.038623]",10,500,0.1,max_proc,lowest_lower_bound,PRUNE,all_to_shortest,greedy,130018,-1,2,0.011747360229492188,0.007312064483379202,True,129067.3,0,-1,129067.3
Uniform1-5000_Seed1_J500_M25,"[0.000326, 0.101851]",25,500,0.2,max_proc,lowest_lower_bound,NO_PROFILING,all_to_shortest,greedy,51160,2,2,0.016053438186645508,0.04082251759186871,True,49071.52,0,-1,49071.52
Uniform1-5000_Seed1_J500_M25,"[0.000326, 0.101851]",25,500,0.1,max_proc,lowest_lower_bound,PRUNE,all_to_shortest,greedy,51539,2,2,0.01591205596923828,0.0478759774151614,True,49071.52,0,-1,49071.52
Uniform1-5000_Seed7_J500_M25,"[0.000120, 0.100228]",25,500,0.2,max_proc,lowest_lower_bound,NO_PROFILING,all_to_shortest,greedy,52138,2,2,0.015778541564941406,0.044524914649583844,True,49816.56,0,-1,49816.56
Uniform1-5000_Seed7_J500_M25,"[0.000120, 0.100228]",25,500,0.1,max_proc,lowest_lower_bound,PRUNE,all_to_shortest,greedy,52243,-1,2,0.01553964614868164,0.04644526539440695,True,49816.56,0,-1,49816.56
Uniform1-5000_Seed13_J500_M25,"[0.000232, 0.096558]",25,500,0.2,max_proc,lowest_lower_bound,NO_PROFILING,all_to_shortest,greedy,53635,2,2,0.015996932983398438,0.03743973151859796,True,51626.92,0,-1,51626.92
Uniform1-5000_Seed13_J500_M25,"[0.000232, 0.096558]",25,500,0.1,max_proc,lowest_lower_bound,PRUNE,all_to_shortest,greedy,53974,2,2,0.017293691635131836,0.04348538185052065,True,51626.92,0,-1,51626.92
Uniform1-5000_Seed1_J500_M50,"[0.000652, 0.203703]",50,500,0.2,max_proc,lowest_lower_bound,NO_PROFILING,all_to_shortest,greedy,27064,2,2,0.04218339920043945,0.09341708542713574,True,24535.76,0,-1,24535.76
Uniform1-5000_Seed1_J500_M50,"[0.000652, 0.203703]",50,500,0.1,max_proc,lowest_lower_bound,PRUNE,all_to_shortest,greedy,27518,-1,2,0.08014678955078125,0.10837415509848106,True,24535.76,0,-1,24535.76
Uniform1-5000_Seed7_J500_M50,"[0.000241, 0.200455]",50,500,0.2,max_proc,lowest_lower_bound,NO_PROFILING,all_to_shortest,greedy,27072,2,2,0.06330132484436035,0.07992464539007096,True,24908.28,0,-1,24908.28
Uniform1-5000_Seed7_J500_M50,"[0.000241, 0.200455]",50,500,0.1,max_proc,lowest_lower_bound,PRUNE,all_to_shortest,greedy,27190,-1,2,0.06249666213989258,0.08391761677087169,True,24908.28,0,-1,24908.28
Uniform1-5000_Seed13_J500_M50,"[0.000465, 0.193116]",50,500,0.2,max_proc,lowest_lower_bound,NO_PROFILING,all_to_shortest,greedy,28112,2,2,0.047699928283691406,0.08176365964712581,True,25813.46,0,-1,25813.46
Uniform1-5000_Seed13_J500_M50,"[0.000465, 0.193116]",50,500,0.1,max_proc,lowest_lower_bound,PRUNE,all_to_shortest,greedy,28287,-1,2,0.04770207405090332,0.08744440909251602,True,25813.46,0,-1,25813.46
Uniform1-5000_Seed1_J500_M75,"[0.000978, 0.305554]",75,500,0.2,max_proc,lowest_lower_bound,NO_PROFILING,all_to_shortest,greedy,19302,2,2,0.07973933219909668,0.15256588263737778,True,16357.173333333334,0,-1,16357.173333333334
Uniform1-5000_Seed1_J500_M75,"[0.000978, 0.305554]",75,500,0.1,max_proc,lowest_lower_bound,PRUNE,all_to_shortest,greedy,19349,2,2,0.0796055793762207,0.15462435612520883,True,16357.173333333334,0,-1,16357.173333333334
Uniform1-5000_Seed7_J500_M75,"[0.000361, 0.300683]",75,500,0.2,max_proc,lowest_lower_bound,NO_PROFILING,all_to_shortest,greedy,19034,2,2,0.12560439109802246,0.12758642429336975,True,16605.52,0,-1,16605.52
Uniform1-5000_Seed7_J500_M75,"[0.000361, 0.300683]",75,500,0.1,max_proc,lowest_lower_bound,PRUNE,all_to_shortest,greedy,19165,-1,2,0.09917545318603516,0.13354969997391075,True,16605.52,0,-1,16605.52
Uniform1-5000_Seed13_J500_M75,"[0.000697, 0.289674]",75,500,0.2,max_proc,lowest_lower_bound,NO_PROFILING,all_to_shortest,greedy,19428,2,2,0.08099651336669922,0.11421796719511368,True,17208.97333333333,0,-1,17208.97333333333
Uniform1-5000_Seed13_J500_M75,"[0.000697, 0.289674]",75,500,0.1,max_proc,lowest_lower_bound,PRUNE,all_to_shortest,greedy,19729,-1,2,0.08536338806152344,0.12773210333350238,True,17208.97333333333,0,-1,17208.97333333333
Uniform1-5000_Seed1_J500_M100,"[0.001304, 0.407405]",100,500,0.2,max_proc,lowest_lower_bound,NO_PROFILING,all_to_shortest,greedy,14717,8,8,1.1273694038391113,0.1664143507508324,True,12267.88,6,-1,12267.88
Uniform1-5000_Seed1_J500_M100,"[0.001304, 0.407405]",100,500,0.1,max_proc,lowest_lower_bound,PRUNE,all_to_shortest,greedy,14805,14,14,2.1755177974700928,0.17136913204998316,True,12267.88,12,-1,12267.88
Uniform1-5000_Seed7_J500_M100,"[0.000482, 0.400911]",100,500,0.2,max_proc,lowest_lower_bound,NO_PROFILING,all_to_shortest,greedy,14942,2,2,0.15937495231628418,0.16650113773256597,True,12454.14,0,-1,12454.14
Uniform1-5000_Seed7_J500_M100,"[0.000482, 0.400911]",100,500,0.1,max_proc,lowest_lower_bound,PRUNE,all_to_shortest,greedy,14958,2,2,0.15871500968933105,0.16739269955876457,True,12454.14,0,-1,12454.14
Uniform1-5000_Seed13_J500_M100,"[0.000930, 0.386233]",100,500,0.2,max_proc,lowest_lower_bound,NO_PROFILING,all_to_shortest,greedy,15320,2,2,0.14877891540527344,0.15752415143603135,True,12906.73,0,-1,12906.73
Uniform1-5000_Seed13_J500_M100,"[0.000930, 0.386233]",100,500,0.1,max_proc,lowest_lower_bound,PRUNE,all_to_shortest,greedy,15438,15,15,2.4766688346862793,0.16396359632076696,True,12906.73,13,-1,12906.73
Uniform1-5000_Seed1_J500_M125,"[0.001630, 0.509257]",125,500,0.2,max_proc,lowest_lower_bound,NO_PROFILING,all_to_shortest,greedy,11776,75,75,22.000163555145264,0.16658423913043477,True,9814.304,73,-1,9814.304
Uniform1-5000_Seed1_J500_M125,"[0.001630, 0.509257]",125,500,0.1,max_proc,lowest_lower_bound,PRUNE,all_to_shortest,greedy,11857,96,96,33.37629771232605,0.17227764189929998,True,9814.304,94,-1,9814.304
Uniform1-5000_Seed7_J500_M125,"[0.000602, 0.501139]",125,500,0.2,max_proc,lowest_lower_bound,NO_PROFILING,all_to_shortest,greedy,11914,133,133,42.3238410949707,0.16373073694812826,True,9963.312,131,-1,9963.312
Uniform1-5000_Seed7_J500_M125,"[0.000602, 0.501139]",125,500,0.1,max_proc,lowest_lower_bound,PRUNE,all_to_shortest,greedy,12048,104,104,37.23606538772583,0.17303187250996016,True,9963.312,102,-1,9963.312
Uniform1-5000_Seed13_J500_M125,"[0.001162, 0.482791]",125,500,0.2,max_proc,lowest_lower_bound,NO_PROFILING,all_to_shortest,greedy,12387,108,108,34.18571186065674,0.16643384193105676,True,10325.384,106,-1,10325.384
Uniform1-5000_Seed13_J500_M125,"[0.001162, 0.482791]",125,500,0.1,max_proc,lowest_lower_bound,PRUNE,all_to_shortest,greedy,12479,76,76,25.06673550605774,0.172579213077971,True,10325.384,74,-1,10325.384
Uniform1-5000_Seed1_J500_M150,"[0.001956, 0.611108]",150,500,0.2,max_proc,lowest_lower_bound,NO_PROFILING,all_to_shortest,greedy,9801,159,159,87.04697966575623,0.1655354895758936,True,8178.586666666667,157,-1,8178.586666666667
Uniform1-5000_Seed1_J500_M150,"[0.001956, 0.611108]",150,500,0.1,max_proc,lowest_lower_bound,PRUNE,all_to_shortest,greedy,9833,181,181,106.29810857772827,0.16825112715685273,True,8178.586666666667,179,-1,8178.586666666667
Uniform1-5000_Seed7_J500_M150,"[0.000723, 0.601366]",150,500,0.2,max_proc,lowest_lower_bound,NO_PROFILING,all_to_shortest,greedy,9911,175,175,90.27841567993164,0.1622681868630814,True,8302.76,173,-1,8302.76
Uniform1-5000_Seed7_J500_M150,"[0.000723, 0.601366]",150,500,0.1,max_proc,lowest_lower_bound,PRUNE,all_to_shortest,greedy,10014,190,190,112.87268090248108,0.1708847613341322,True,8302.76,188,-1,8302.76
Uniform1-5000_Seed13_J500_M150,"[0.001395, 0.579349]",150,500,0.2,max_proc,lowest_lower_bound,NO_PROFILING,all_to_shortest,greedy,10308,177,177,88.61905241012573,0.16526128573276427,True,8604.486666666666,175,-1,8604.486666666666
Uniform1-5000_Seed13_J500_M150,"[0.001395, 0.579349]",150,500,0.1,max_proc,lowest_lower_bound,PRUNE,all_to_shortest,greedy,10337,177,177,102.42444229125977,0.1676031085743769,True,8604.486666666666,175,-1,8604.486666666666
Uniform1-5000_Seed1_J500_M175,"[0.002282, 0.712959]",175,500,0.2,max_proc,lowest_lower_bound,NO_PROFILING,all_to_shortest,greedy,8371,207,207,154.2822461128235,0.16255917538440534,True,7010.217142857143,205,-1,7010.217142857143
Uniform1-5000_Seed1_J500_M175,"[0.002282, 0.712959]",175,500,0.1,max_proc,lowest_lower_bound,PRUNE,all_to_shortest,greedy,8468,271,271,237.01289010047913,0.17215196706930294,True,7010.217142857143,269,-1,7010.217142857143
Uniform1-5000_Seed7_J500_M175,"[0.000843, 0.701594]",175,500,0.2,max_proc,lowest_lower_bound,NO_PROFILING,all_to_shortest,greedy,8492,259,259,210.15487360954285,0.16195814548146156,True,7116.651428571428,257,-1,7116.651428571428
Uniform1-5000_Seed7_J500_M175,"[0.000843, 0.701594]",175,500,0.1,max_proc,lowest_lower_bound,PRUNE,all_to_shortest,greedy,8556,266,266,232.3540759086609,0.16822680825485878,True,7116.651428571428,264,-1,7116.651428571428
Uniform1-5000_Seed13_J500_M175,"[0.001627, 0.675907]",175,500,0.2,max_proc,lowest_lower_bound,NO_PROFILING,all_to_shortest,greedy,8815,243,243,201.6768980026245,0.16332679685600843,True,7375.274285714286,241,-1,7375.274285714286
Uniform1-5000_Seed13_J500_M175,"[0.001627, 0.675907]",175,500,0.1,max_proc,lowest_lower_bound,PRUNE,all_to_shortest,greedy,8893,275,275,249.83909678459167,0.17066521019742656,True,7375.274285714286,273,-1,7375.274285714286
Uniform1-5000_Seed1_J500_M200,"[0.002608, 0.814811]",200,500,0.2,max_proc,lowest_lower_bound,NO_PROFILING,all_to_shortest,greedy,7263,235,235,227.504065990448,0.15545366928266563,True,6133.94,233,-1,6133.94
Uniform1-5000_Seed1_J500_M200,"[0.002608, 0.814811]",200,500,0.1,max_proc,lowest_lower_bound,PRUNE,all_to_shortest,greedy,7379,237,237,241.7245533466339,0.16873018024122516,True,6133.94,235,-1,6133.94
Uniform1-5000_Seed7_J500_M200,"[0.000964, 0.801822]",200,500,0.2,max_proc,lowest_lower_bound,NO_PROFILING,all_to_shortest,greedy,7422,263,263,278.9055588245392,0.16099838318512535,True,6227.07,261,-1,6227.07
Uniform1-5000_Seed7_J500_M200,"[0.000964, 0.801822]",200,500,0.1,max_proc,lowest_lower_bound,PRUNE,all_to_shortest,greedy,7481,267,267,286.4935898780823,0.16761529207325226,True,6227.07,261,-1,6227.07
Uniform1-5000_Seed13_J500_M200,"[0.001859, 0.772465]",200,500,0.2,max_proc,lowest_lower_bound,NO_PROFILING,all_to_shortest,greedy,7697,261,261,285.96232652664185,0.16157398986618166,True,6453.365,259,-1,6453.365
Uniform1-5000_Seed13_J500_M200,"[0.001859, 0.772465]",200,500,0.1,max_proc,lowest_lower_bound,PRUNE,all_to_shortest,greedy,7726,255,255,281.2277584075928,0.16472107170592806,True,6453.365,253,-1,6453.365
Uniform1-5000_Seed1_J1000_M10,"[0.000012, 0.019946]",10,1000,0.2,max_proc,lowest_lower_bound,NO_PROFILING,all_to_shortest,greedy,251846,2,2,0.02067732810974121,0.005060235223112514,True,250571.6,0,-1,250571.6
Uniform1-5000_Seed1_J1000_M10,"[0.000012, 0.019946]",10,1000,0.1,max_proc,lowest_lower_bound,PRUNE,all_to_shortest,greedy,252872,-1,2,0.015048027038574219,0.009097092600208778,True,250571.6,0,-1,250571.6
Uniform1-5000_Seed7_J1000_M10,"[0.000024, 0.020085]",10,1000,0.2,max_proc,lowest_lower_bound,NO_PROFILING,all_to_shortest,greedy,250850,-1,2,0.01611161231994629,0.007825792306159082,True,248886.9,0,-1,248886.9
Uniform1-5000_Seed7_J1000_M10,"[0.000024, 0.020085]",10,1000,0.1,max_proc,lowest_lower_bound,PRUNE,all_to_shortest,greedy,250850,-1,2,0.014574766159057617,0.007825792306159082,True,248886.9,0,-1,248886.9
Uniform1-5000_Seed13_J1000_M10,"[0.000047, 0.019579]",10,1000,0.2,max_proc,lowest_lower_bound,NO_PROFILING,all_to_shortest,greedy,257110,2,2,0.01662611961364746,0.00795262728015251,True,255065.3,0,-1,255065.3
Uniform1-5000_Seed13_J1000_M10,"[0.000047, 0.019579]",10,1000,0.1,max_proc,lowest_lower_bound,PRUNE,all_to_shortest,greedy,257334,-1,2,0.01658320426940918,0.00881616887002888,True,255065.3,0,-1,255065.3
Uniform1-5000_Seed1_J1000_M25,"[0.000030, 0.049866]",25,1000,0.2,max_proc,lowest_lower_bound,NO_PROFILING,all_to_shortest,greedy,102520,2,2,0.03765416145324707,0.022350370659383542,True,100228.64,0,-1,100228.64
Uniform1-5000_Seed1_J1000_M25,"[0.000030, 0.049866]",25,1000,0.1,max_proc,lowest_lower_bound,PRUNE,all_to_shortest,greedy,102520,2,2,0.045224666595458984,0.022350370659383542,True,100228.64,0,-1,100228.64
Uniform1-5000_Seed7_J1000_M25,"[0.000060, 0.050214]",25,1000,0.2,max_proc,lowest_lower_bound,NO_PROFILING,all_to_shortest,greedy,101756,-1,2,0.0386347770690918,0.021632532725343028,True,99554.76,0,-1,99554.76
Uniform1-5000_Seed7_J1000_M25,"[0.000060, 0.050214]",25,1000,0.1,max_proc,lowest_lower_bound,PRUNE,all_to_shortest,greedy,101756,-1,2,0.03669333457946777,0.021632532725343028,True,99554.76,0,-1,99554.76
Uniform1-5000_Seed13_J1000_M25,"[0.000118, 0.048948]",25,1000,0.2,max_proc,lowest_lower_bound,NO_PROFILING,all_to_shortest,greedy,104509,2,2,0.04023027420043945,0.02375757111827694,True,102026.12,0,-1,102026.12
Uniform1-5000_Seed13_J1000_M25,"[0.000118, 0.048948]",25,1000,0.1,max_proc,lowest_lower_bound,PRUNE,all_to_shortest,greedy,104624,2,2,0.03828263282775879,0.024830631595045158,True,102026.12,0,-1,102026.12
Uniform1-5000_Seed1_J1000_M50,"[0.000060, 0.099732]",50,1000,0.2,max_proc,lowest_lower_bound,NO_PROFILING,all_to_shortest,greedy,52468,2,2,0.09055352210998535,0.044859342837539076,True,50114.32,0,-1,50114.32
Uniform1-5000_Seed1_J1000_M50,"[0.000060, 0.099732]",50,1000,0.1,max_proc,lowest_lower_bound,PRUNE,all_to_shortest,greedy,52488,2,2,0.08463740348815918,0.04522328913275416,True,50114.32,0,-1,50114.32
Uniform1-5000_Seed7_J1000_M50,"[0.000121, 0.100427]",50,1000,0.2,max_proc,lowest_lower_bound,NO_PROFILING,all_to_shortest,greedy,52202,2,2,0.11951541900634766,0.046446879429906954,True,49777.38,0,-1,49777.38
Uniform1-5000_Seed7_J1000_M50,"[0.000121, 0.100427]",50,1000,0.1,max_proc,lowest_lower_bound,PRUNE,all_to_shortest,greedy,52210,-1,2,0.08548760414123535,0.04659298984868804,True,49777.38,0,-1,49777.38
Uniform1-5000_Seed13_J1000_M50,"[0.000235, 0.097896]",50,1000,0.2,max_proc,lowest_lower_bound,NO_PROFILING,all_to_shortest,greedy,53360,2,2,0.0825345516204834,0.0439831334332834,True,51013.06,0,-1,51013.06
Uniform1-5000_Seed13_J1000_M50,"[0.000235, 0.097896]",50,1000,0.1,max_proc,lowest_lower_bound,PRUNE,all_to_shortest,greedy,53845,-1,2,0.08572936058044434,0.05259429844925253,True,51013.06,0,-1,51013.06
Uniform1-5000_Seed1_J1000_M75,"[0.000090, 0.149598]",75,1000,0.2,max_proc,lowest_lower_bound,NO_PROFILING,all_to_shortest,greedy,35916,2,2,0.1394026279449463,0.06978653896127997,True,33409.54666666667,0,-1,33409.54666666667
Uniform1-5000_Seed1_J1000_M75,"[0.000090, 0.149598]",75,1000,0.1,max_proc,lowest_lower_bound,PRUNE,all_to_shortest,greedy,35992,-1,2,0.14134454727172852,0.07175075942802098,True,33409.54666666667,0,-1,33409.54666666667
Uniform1-5000_Seed7_J1000_M75,"[0.000181, 0.150641]",75,1000,0.2,max_proc,lowest_lower_bound,NO_PROFILING,all_to_shortest,greedy,35601,2,2,0.17745709419250488,0.06786550939580353,True,33184.92,0,-1,33184.92
Uniform1-5000_Seed7_J1000_M75,"[0.000181, 0.150641]",75,1000,0.1,max_proc,lowest_lower_bound,PRUNE,all_to_shortest,greedy,35621,-1,2,0.1597583293914795,0.06838887173296655,True,33184.92,0,-1,33184.92
Uniform1-5000_Seed13_J1000_M75,"[0.000353, 0.146845]",75,1000,0.2,max_proc,lowest_lower_bound,NO_PROFILING,all_to_shortest,greedy,36590,2,2,0.1872997283935547,0.07054641523184846,True,34008.706666666665,0,-1,34008.706666666665
Uniform1-5000_Seed13_J1000_M75,"[0.000353, 0.146845]",75,1000,0.1,max_proc,lowest_lower_bound,PRUNE,all_to_shortest,greedy,36758,-1,2,0.14102387428283691,0.07479442116908795,True,34008.706666666665,0,-1,34008.706666666665
Uniform1-5000_Seed1_J1000_M100,"[0.000120, 0.199464]",100,1000,0.2,max_proc,lowest_lower_bound,NO_PROFILING,all_to_shortest,greedy,27586,2,2,0.23248624801635742,0.09167113753353151,True,25057.16,0,-1,25057.16
Uniform1-5000_Seed1_J1000_M100,"[0.000120, 0.199464]",100,1000,0.1,max_proc,lowest_lower_bound,PRUNE,all_to_shortest,greedy,27609,-1,2,0.2645077705383301,0.09242783150421964,True,25057.16,0,-1,25057.16
Uniform1-5000_Seed7_J1000_M100,"[0.000241, 0.200854]",100,1000,0.2,max_proc,lowest_lower_bound,NO_PROFILING,all_to_shortest,greedy,27481,2,2,0.23819470405578613,0.09433099232196795,True,24888.69,0,-1,24888.69
Uniform1-5000_Seed7_J1000_M100,"[0.000241, 0.200854]",100,1000,0.1,max_proc,lowest_lower_bound,PRUNE,all_to_shortest,greedy,27514,-1,2,0.23418140411376953,0.09541724213127867,True,24888.69,0,-1,24888.69
Uniform1-5000_Seed13_J1000_M100,"[0.000470, 0.195793]",100,1000,0.2,max_proc,lowest_lower_bound,NO_PROFILING,all_to_shortest,greedy,28011,2,2,0.2165372371673584,0.08941023169469141,True,25506.53,0,-1,25506.53
Uniform1-5000_Seed13_J1000_M100,"[0.000470, 0.195793]",100,1000,0.1,max_proc,lowest_lower_bound,PRUNE,all_to_shortest,greedy,28117,-1,2,0.2328963279724121,0.09284311982074905,True,25506.53,0,-1,25506.53
Uniform1-5000_Seed1_J1000_M125,"[0.000150, 0.249330]",125,1000,0.2,max_proc,lowest_lower_bound,NO_PROFILING,all_to_shortest,greedy,22659,-1,2,0.3812730312347412,0.11533042058343267,True,20045.728,0,-1,20045.728
Uniform1-5000_Seed1_J1000_M125,"[0.000150, 0.249330]",125,1000,0.1,max_proc,lowest_lower_bound,PRUNE,all_to_shortest,greedy,22659,-1,2,0.35031628608703613,0.11533042058343267,True,20045.728,0,-1,20045.728
Uniform1-5000_Seed7_J1000_M125,"[0.000301, 0.251068]",125,1000,0.2,max_proc,lowest_lower_bound,NO_PROFILING,all_to_shortest,greedy,22573,2,2,0.35857081413269043,0.11793062508306379,True,19910.952,0,-1,19910.952
Uniform1-5000_Seed7_J1000_M125,"[0.000301, 0.251068]",125,1000,0.1,max_proc,lowest_lower_bound,PRUNE,all_to_shortest,greedy,22642,2,2,0.355379581451416,0.12061867326207927,True,19910.952,0,-1,19910.952
Uniform1-5000_Seed13_J1000_M125,"[0.000588, 0.244741]",125,1000,0.2,max_proc,lowest_lower_bound,NO_PROFILING,all_to_shortest,greedy,23147,2,2,0.3277721405029297,0.11845059834967822,True,20405.224,0,-1,20405.224
Uniform1-5000_Seed13_J1000_M125,"[0.000588, 0.244741]",125,1000,0.1,max_proc,lowest_lower_bound,PRUNE,all_to_shortest,greedy,23240,-1,2,0.34211206436157227,0.12197831325301212,True,20405.224,0,-1,20405.224
Uniform1-5000_Seed1_J1000_M150,"[0.000180, 0.299196]",150,1000,0.2,max_proc,lowest_lower_bound,NO_PROFILING,all_to_shortest,greedy,19685,2,2,0.5020496845245361,0.15139581745830152,True,16704.773333333334,0,-1,16704.773333333334
Uniform1-5000_Seed1_J1000_M150,"[0.000180, 0.299196]",150,1000,0.1,max_proc,lowest_lower_bound,PRUNE,all_to_shortest,greedy,19685,2,2,0.5878612995147705,0.15139581745830152,True,16704.773333333334,0,-1,16704.773333333334
Uniform1-5000_Seed7_J1000_M150,"[0.000362, 0.301281]",150,1000,0.2,max_proc,lowest_lower_bound,NO_PROFILING,all_to_shortest,greedy,19240,2,2,0.5466580390930176,0.13760602910602915,True,16592.46,0,-1,16592.46
Uniform1-5000_Seed7_J1000_M150,"[0.000362, 0.301281]",150,1000,0.1,max_proc,lowest_lower_bound,PRUNE,all_to_shortest,greedy,19338,-1,2,0.481201171875,0.14197641948495196,True,16592.46,0,-1,16592.46
Uniform1-5000_Seed13_J1000_M150,"[0.000706, 0.293689]",150,1000,0.2,max_proc,lowest_lower_bound,NO_PROFILING,all_to_shortest,greedy,19701,2,2,0.47945427894592285,0.13687866944148355,True,17004.353333333333,0,-1,17004.353333333333
Uniform1-5000_Seed13_J1000_M150,"[0.000706, 0.293689]",150,1000,0.1,max_proc,lowest_lower_bound,PRUNE,all_to_shortest,greedy,19717,-1,2,0.5245389938354492,0.1375790772768001,True,17004.353333333333,0,-1,17004.353333333333
Uniform1-5000_Seed1_J1000_M175,"[0.000210, 0.349062]",175,1000,0.2,max_proc,lowest_lower_bound,NO_PROFILING,all_to_shortest,greedy,16816,2,2,0.6878316402435303,0.14852657333152097,True,14318.377142857144,0,-1,14318.377142857144
Uniform1-5000_Seed1_J1000_M175,"[0.000210, 0.349062]",175,1000,0.1,max_proc,lowest_lower_bound,PRUNE,all_to_shortest,greedy,17191,2,2,0.6920959949493408,0.1671003930628152,True,14318.377142857144,0,-1,14318.377142857144
Uniform1-5000_Seed7_J1000_M175,"[0.000422, 0.351495]",175,1000,0.2,max_proc,lowest_lower_bound,NO_PROFILING,all_to_shortest,greedy,16938,2,2,0.7163882255554199,0.16034310004554428,True,14222.108571428571,0,-1,14222.108571428571
Uniform1-5000_Seed7_J1000_M175,"[0.000422, 0.351495]",175,1000,0.1,max_proc,lowest_lower_bound,PRUNE,all_to_shortest,greedy,17097,2,2,0.6894659996032715,0.16815180608126742,True,14222.108571428571,0,-1,14222.108571428571
Uniform1-5000_Seed13_J1000_M175,"[0.000823, 0.342638]",175,1000,0.2,max_proc,lowest_lower_bound,NO_PROFILING,all_to_shortest,greedy,17387,2,2,0.6589694023132324,0.16172082590441136,True,14575.16,0,-1,14575.16
Uniform1-5000_Seed13_J1000_M175,"[0.000823, 0.342638]",175,1000,0.1,max_proc,lowest_lower_bound,PRUNE,all_to_shortest,greedy,17461,-1,2,0.6751494407653809,0.16527346658266995,True,14575.16,0,-1,14575.16
Uniform1-5000_Seed1_J1000_M200,"[0.000239, 0.398928]",200,1000,0.2,max_proc,lowest_lower_bound,NO_PROFILING,all_to_shortest,greedy,14728,62,62,68.4037926197052,0.149335958718088,True,12528.58,60,-1,12528.58
Uniform1-5000_Seed1_J1000_M200,"[0.000239, 0.398928]",200,1000,0.1,max_proc,lowest_lower_bound,PRUNE,all_to_shortest,greedy,15140,58,58,64.70253920555115,0.17248480845442538,True,12528.58,56,-1,12528.58
Uniform1-5000_Seed7_J1000_M200,"[0.000482, 0.401709]",200,1000,0.2,max_proc,lowest_lower_bound,NO_PROFILING,all_to_shortest,greedy,14911,16,16,14.43680214881897,0.16542518945744755,True,12444.345,14,-1,12444.345
Uniform1-5000_Seed7_J1000_M200,"[0.000482, 0.401709]",200,1000,0.1,max_proc,lowest_lower_bound,PRUNE,all_to_shortest,greedy,14982,51,51,55.90086817741394,0.16938025630756912,True,12444.345,49,-1,12444.345
Uniform1-5000_Seed13_J1000_M200,"[0.000941, 0.391586]",200,1000,0.2,max_proc,lowest_lower_bound,NO_PROFILING,all_to_shortest,greedy,15254,53,53,56.6098051071167,0.16393962239412616,True,12753.265,51,-1,12753.265
Uniform1-5000_Seed13_J1000_M200,"[0.000941, 0.391586]",200,1000,0.1,max_proc,lowest_lower_bound,PRUNE,all_to_shortest,greedy,15418,5,5,3.7900149822235107,0.17283272798028282,True,12753.265,3,-1,12753.265
